tau0,tauB,kappa,eta,beta,P_wash_frac,gamma_wash,lambda_wash,P_hold_frac,tau_decay_frac,W_on,W_off,P_on_frac,P_off_frac,feasible_any,stable_any,best_controller_name,best_score,best_avg_power,best_tracking_error,best_time_below,stability_mode,pruned,feasible_and_stable
1.7655584569107043,1.0229925108267839,7.444873329044959,0.27534187831011964,0.03840786495056129,0.7327977913932471,0.7860643052769538,0.3843408980266376,0.3427508596321186,0.1518411052064047,1.1707059955394408,0.8219325600403322,0.8936569679624979,0.4103899391791318,True,True,const_Pmax,1.548972752282805,1.0,0.7491303668542396,0.0403205182848862,steady,False,True
0.14237949489613036,1.8884966991030294,0.0,0.8621049375940657,0.0009293345093530734,0.7306614180597617,0.35452596812986836,2.9120940731847096,0.6305287288594285,0.514837629698909,0.8778554831407871,0.7333605018635171,0.4262822594723373,0.2080026444472835,False,True,pulse_1,-0.05305831192973014,0.28002562794395075,0.9682743162211402,1.0,steady,False,False
1.161630244276127,5.172732979625499,1.3451538872359055,0.49636776482789513,0.00016085281754977767,0.332629951359,0.12992150533547164,1.4271147786778013,0.19749107688307466,0.3718930848239051,0.9748607675489322,0.9163390980289188,0.8201590612013494,0.31865664896742874,False,True,kick_hold_1,0.3782324817117749,0.46040073564998546,0.5123334743865845,1.0,steady,False,False
2.3093491944330635,7.108646630080886,1.1318202570808786,0.7459964031799804,4.536205580365073e-06,0.3399357417325758,0.007362269751005512,2.360773132506415,0.48215305678482084,0.41343887842884675,1.1122916124087872,0.72945788776917,0.7412447175717363,0.1978578986893602,False,True,const_08,1.159734936582751,0.7999999999999999,0.32988456443194275,0.07465422429595067,steady,False,False
0.08472862359475453,3.451558704132955,4.051291265479425,0.8119990859328206,0.0009605552430663269,0.5875055804605971,0.5592071607454135,0.9118502941878366,0.07003159246916062,0.1849917783563539,0.8858338691278117,0.7042643218623181,0.9120418439608997,0.26375764010573854,False,True,kick_hold_1,0.011337700227953162,0.46000423639059507,0.8576752031661582,1.0,steady,False,False
0.06539965957772206,0.44409182217677456,6.323452843114794,0.6456257218730227,0.004825187244052792,0.6650194782291712,0.4063868614400705,2.442061153998104,0.15853239794000754,0.05352036822392957,0.8360191443102567,0.7860191443102567,0.6771263381508325,0.21289024532352127,False,True,kick_hold_2,-0.005740745862155311,0.3700045779560516,0.8952521974275466,1.0,steady,False,False
0.5024114801848213,0.22411695697121312,2.3411746117063306,0.5048169808771861,2.610936219110019e-05,0.6411978151832218,0.3618126105533904,0.262949757948303,0.12670383637833493,0.8921291266979773,1.163432276283043,0.8498535669053748,0.5595219768757118,0.5095219768757118,False,True,const_Pmax,0.468662902149852,1.0,0.24036043165361776,1.0,steady,False,False
1.8049775818870872,4.462578090101099,1.051004022999655,0.27711276972279947,0.017430168567524617,0.5190434028835278,0.20236336479523032,0.9178698724519575,0.4264927198122323,0.08490958091532258,1.1426457136369501,0.879259764917605,0.831677773570562,0.4024651278425726,False,True,const_Pmax,0.3201368412380074,1.0,0.4048315943821266,1.0,steady,False,False
0.8986440139682752,2.208141738380647,0.44259845848383506,0.5326459217364877,1.5687139360703684e-06,0.5457935734711632,0.3298612123327853,0.4335725665981407,0.11721192901965856,0.29074564584229595,0.8682371874147545,0.8182371874147545,0.748636683820237,0.34280886317438597,False,True,const_08,0.25038385435637966,0.8,0.5151399840507874,1.0,steady,False,False
0.7599779420470392,0.11284241996499546,2.7652100625648566,0.826188181800229,2.4476301155139658e-06,0.5406608315867123,0.4907069943545209,2.8134793649249485,0.42162323404444896,0.2065351230527153,0.9067902652367574,0.6657844986712761,0.7124034414829227,0.40723802221353267,True,True,const_08,0.8504624571691413,0.7999999999999998,0.09326920914575787,0.033297600240728205,steady,False,True
0.055232431688883414,7.967507899732043,0.5722943162362323,0.6432289148312396,3.2373835140140275e-06,0.6705680651278682,0.2812337838390083,1.9782679040757052,0.5225464992864737,0.5000385042475058,0.8430963783823586,0.7930963783823586,0.5381283945369285,0.12618878932332586,False,True,pulse_1,-0.0733349834131267,0.2800055232089844,0.9891392755803567,1.0,steady,False,False
0.6436873038077197,0.7136796300359369,12.405783530272554,0.4537111142581723,0.03003624752119454,0.403642486698083,0.5150571292317145,0.7678952717028082,0.6584283205318261,0.08187092789114513,0.8179642477569317,0.717548530001519,0.9954253384335022,0.7241740863784398,True,True,const_Pmax,1.5345694303023019,1.0,0.7652391538484776,0.03078738468139884,steady,False,True
1.5710356611107068,11.21347557516238,3.272185949561883,0.4527432414646344,0.004242904546501759,0.6631628842174327,0.37365772887371007,0.2834000041845458,0.5354132473768668,0.10975871356922665,1.1747252602135116,0.6204852875028424,0.4736547594468916,0.4236547594468916,False,True,const_08,1.830163142238202,0.8,0.7647124491103298,0.08796962953266134,steady,False,False
0.10128348530033511,0.25852452827009215,16.836248855215306,0.3571477325716586,2.872113713355334e-05,0.7441833867688243,0.9718264260609674,1.502223558607027,0.143533376658313,0.05213165742197817,0.8918624119995421,0.5659111088932605,0.8065952041677145,0.1852827532399718,False,True,const_Pmax,0.15884011251023888,1.0,0.5451184449166822,1.0,steady,False,False
0.5147897221612174,3.9583909887069826,0.7527877756030872,0.8432996209458101,0.0022997289002862787,0.7172888027408792,0.13105775155731325,0.3712614109510338,0.6529156581542299,0.16452471991100975,0.9203794767123759,0.7442920226757667,0.7977185276581495,0.7689362799328789,False,True,const_Pmax,0.37553859276105844,1.0,0.3453109406011064,1.0,steady,False,False
0.18700897855296106,13.428018660126966,0.0,0.6441584338614598,0.0009528620561530652,0.2741281826255273,0.14033959706391264,1.2573429579489115,0.6780507428930681,0.29815304203840803,1.1732092886400844,0.9021804578064854,0.6804289609331748,0.6493344144765313,False,False,const_Pmax,-2.237018557631955,1.0,,1.0,unstable,True,False
0.05428046660624991,0.17829682533210317,11.769430030868195,0.386112593573147,0.0003119395098694319,0.6242110744900076,0.8677389537760112,1.809321472016177,0.3181715200278922,0.15338915984722298,0.9703528345494039,0.8259655127899871,0.920494379051395,0.4177278174534098,False,True,pulse_1,-0.07614298521899562,0.28000180934072144,0.9914432055527106,1.0,steady,False,False
0.15654857913792772,0.35040250004432255,12.8901740529364,0.28422246388329997,2.05474566257596e-06,0.6161035646295163,0.14617324419269828,2.473992571369024,0.25171753805064834,0.07693991544023551,1.16838818899498,0.5827658613676391,0.5708320494027613,0.20752937663444104,False,True,kick_hold_1,0.12137332079496682,0.460003913639032,0.7412075300518086,1.0,steady,False,False
0.08510403109681525,0.11185675597482776,0.0,0.3397131767486822,1.781722646818749e-06,0.6138006712776798,0.6807145267995064,1.1808913704960848,0.2566942130188321,0.22665941957561514,1.1500019768938434,0.925565813411103,0.4260850372076752,0.22704888671756687,False,True,pulse_1,-0.07650919453097567,0.28001985745186336,0.9919802781144934,1.0,steady,False,False
0.14875094948885265,0.37484203979696457,2.0400748698091213,0.2394032959420752,5.696415110839516e-05,0.5666270641023461,0.10167190290371597,2.500375661365679,0.08377521320231776,0.798393545267315,0.8396452566319502,0.7896452566319502,0.9415918863565702,0.7856994764106149,False,True,pulse_1,-0.07315282308629129,0.27999702502696067,0.9881734308929049,1.0,steady,False,False
2.0091935018138036,6.217291104297252,10.842113862550327,0.3076417667305177,0.0003303449112738879,0.5599560091332901,0.8575721441225576,1.3883980967805476,0.30030817246522973,0.339672982316973,0.9065853270003384,0.5698842054769784,0.6867263644142475,0.3918225580164195,False,False,const_Pmax,-1.9164766052718736,1.0,,1.0,unstable,True,False
0.1459183416844692,0.7008994171502357,1.3555401437180843,0.5035712637815433,0.001668350942287342,0.4078135321998997,0.9488579267153404,2.7490440586145337,0.362591778395051,0.13371427731990262,1.0141739159320013,0.9242802443868123,0.7915524043360612,0.6630742795629542,False,True,pulse_1,-0.0664225671085154,0.2800107005192184,0.9818036657760736,1.0,steady,False,False
0.5813190517631229,2.8599764020006613,8.849272715752338,0.3619236745005747,0.0018400751759063778,0.8025033478281258,0.13210283730154393,1.8431392216257594,0.11181223634945749,0.4396912317116516,0.8337972875294082,0.7837972875294081,0.48244475802268133,0.43244475802268134,False,True,const_08,1.3897070481793175,0.7999999999999998,0.5342137708627445,0.08540011625653943,steady,False,False
1.9986574028891035,2.3231652354974575,11.677528413745868,0.9568216502538642,1.551103505269196e-05,0.6130531267508164,0.09504919756440122,1.8484971000723638,0.16133934766031272,0.27163623100338535,1.02897220561354,0.7329925764906137,0.7135790653078737,0.6347463730046116,True,False,const_08,11.350341767782636,0.7999999999999998,9.053608729758372,0.011823480432972523,unstable,False,False
1.983624379790012,1.356623424020056,21.857159731929812,0.29578687080089827,3.5503089197635028e-06,0.2613963083375379,0.6578632850405278,1.2558249023711383,0.553308920492198,0.3734755771580945,0.9334551033312952,0.8834551033312952,0.8575192882423914,0.289374458637123,True,True,const_Pmax,3.380861109789767,1.0,2.040033712146626,0.03730499660863667,steady,False,True
0.2675186350497006,0.5290976422992894,0.0,0.31822669803375336,0.025051565502572787,0.5065328260391273,0.38331982277740984,2.1890571260321336,0.4094454924143849,0.8258785894376888,1.112120597563757,0.7396847820622702,0.6258156840884957,0.5758156840884957,False,True,pulse_1,-0.06282983450556609,0.28002140086495164,0.9772866897108972,1.0,steady,False,False
1.362983116982534,15.442849691405664,0.0,0.8804269433526262,0.000985351248997336,0.28534517483457883,0.5882579999692207,2.058289095316346,0.057996745827591845,0.1950074935277313,1.1301598044785284,0.6476795126720449,0.6751288490791307,0.4096198889475253,False,False,const_Pmax,-1.8144852806404579,1.0,,1.0,unstable,True,False
0.20082824230008786,12.982620159370459,0.49922701286020316,0.9976277262700586,0.013531144814872076,0.39873590650482726,0.8368965796609382,0.3192585956141486,0.6994180748082551,0.36732104710204805,1.0600500062235187,0.5452203634920664,0.9382200393379752,0.12029965224312861,False,False,const_Pmax,-2.1319876540417027,1.0,,1.0,unstable,True,False
0.15157449166541972,0.21335244529212471,0.7473597577059646,0.9285105817047083,0.00121279816328646,0.22531389734628737,0.0054298341287004614,0.15497375104319677,0.44385136547102294,0.5517240064280146,0.8954211282509554,0.8454211282509554,0.4343391640919563,0.3843391640919563,False,True,pulse_1,-0.043114109828827955,0.28001010483769107,0.9578478134520358,1.0,steady,False,False
3.585591954305802,5.979220730455763,14.22596356387904,0.23212103963765315,8.87499435886567e-06,0.28744657551395014,0.5045309901929865,2.2355643849865334,0.4595076989746591,0.6402021014437608,0.8620851969764364,0.8120851969764363,0.5158248945213425,0.2895311259224602,False,False,const_Pmax,-1.9810552502669203,1.0,,1.0,unstable,True,False
1.3145569296920412,18.008627373698644,0.3855865573101137,0.6930471759420263,1.5812624995558277e-06,0.818901997956772,0.7095782851006207,0.5193835392675097,0.10961865378572874,0.08664674256650744,1.1920108718216769,0.7292803212292449,0.8704485690048448,0.5454858394754438,False,True,const_Pmax,0.710637003461958,1.0,0.04961811094956703,0.15728368017524644,steady,False,False
0.6979049911628181,0.215749138021772,1.2017289394029216,0.6624137726460337,0.0019418969220868563,0.6544632086717161,0.9405944096955184,0.445316969760174,0.3804292799905123,0.16773777038785237,0.9896674917930472,0.5596087630988723,0.4804567659236592,0.29465288204688017,False,True,const_Pmax,0.5685367202785576,1.0,0.14094928689244757,1.0,steady,False,False
0.2034132374152015,0.9652018150475916,5.576728345152784,0.5294487172684562,8.334116547104732e-05,0.3523399686878734,0.5883062484090082,0.9511227339517137,0.07343889228028641,0.17511405788531084,0.9896530700360682,0.6127964341021055,0.7434747598732694,0.49604033030234473,False,True,const_08,0.11906407372361305,0.8000000000000002,0.6466915110542685,1.0,steady,False,False
1.2675770472161993,3.097054823238569,1.286914097454379,0.8299457775887631,0.0003805511043441097,0.5019927366259231,0.6260124809410571,1.0819720033507627,0.3832805089943928,0.4544082452165171,1.1545611546894832,0.9605285986475958,0.7021797551098595,0.4641925803183984,False,True,const_08,1.0731065717806763,0.7999999999999999,0.28816047627928015,0.05122517955217575,steady,False,False
1.9893482942034029,0.5291276711029457,2.9201458798095277,0.2926853794682147,2.1807394023696877e-06,0.7893952477276243,0.0555679169068779,0.8418343084009677,0.26718452632600476,0.08395391757707181,0.9255573479207957,0.8713462833625428,0.4088097061360425,0.3588097061360425,True,True,const_Pmax,1.6365625950837173,1.0,0.7978548896294284,0.040828924162257495,steady,False,True
2.582652954297703,0.7187618968598173,0.0,0.6806723263560648,3.6503772601077383e-06,0.45544355275477677,0.9584291809009724,2.9863934177509113,0.5518681793804806,0.12692297882398637,1.075066019666437,0.8527031827420064,0.6327050170981898,0.5486220442103117,False,True,kick_hold_1,0.557548229431729,0.46015812170579784,0.3113106104270402,1.0,steady,False,False
0.0525321643473063,0.3027247597968254,0.6377109338568473,0.3327254943012269,0.008506850015074932,0.8923931018785238,0.5559694280284484,2.51720919264514,0.6937090818120771,0.07641709125013406,0.9792982453017405,0.6962863579209599,0.44802957018771106,0.39802957018771107,False,True,pulse_1,-0.0792222822274998,0.2800063038453457,0.9948461426662507,1.0,steady,False,False
0.36857685416734004,1.2020854855567304,0.0,0.3447413217846945,0.018300068330245268,0.23125436228199522,0.23285228494370624,0.8761779909435851,0.36862840256103113,0.2897028483800995,0.9973159903402666,0.542057667278441,0.5462004724334282,0.4962004724334282,False,True,pulse_1,-0.05091427560691746,0.2800024570779201,0.9644507886887903,1.0,steady,False,False
0.9422093405728477,3.116817947659698,10.067631079821489,0.24648678537715787,5.280582159823382e-05,0.5776692046831751,0.338456483297326,2.5334366198615594,0.363672130581741,0.5000086916222553,1.1408062067524676,0.752395741451749,0.94573134632281,0.5109867583758865,False,True,const_Pmax,0.7289844971596389,1.0,0.0927507317947529,0.18999764465729763,steady,False,False
2.509103648837284,0.6077285467798551,3.4669161395206305,0.2839837727168565,7.460815049498132e-05,0.8421363707861733,0.6308322403647424,0.5325197473109025,0.2702561631462432,0.08876694371079467,0.8099292527194291,0.759929252719429,0.668924396954123,0.31527455069455035,True,True,const_Pmax,2.5983662874548945,1.0,1.5120613639789293,0.03463817288702081,steady,False,True
0.786908773545434,0.10395150546555097,7.6416683645540004,0.7070158184554105,0.04106546052813119,0.6342503967606308,0.4775058736277328,2.284297689552023,0.6371631167766345,0.4331287866065336,1.1852844894197518,0.8910025853690886,0.9200808629571559,0.17987284982854607,True,True,const_Pmax,1.699390473456532,1.0,0.9453216061642041,0.014475177366401302,steady,False,True
1.458132568351171,1.029573363803437,6.099947169506902,0.9758520933644557,0.04231583076484104,0.40175977184153366,0.7337534974379162,2.249950613805806,0.2752203598534817,0.07246500007480418,0.816378784114288,0.766378784114288,0.6938198450901436,0.6438198450901436,True,True,const_08,2.2739581910941475,0.7999999999999999,1.419972667271646,0.015785861358956762,steady,False,True
0.4255170012574848,17.79165309864713,11.600736327237483,0.26785541784946565,0.0004074721346720675,0.7614418508900069,0.9247016672198887,2.467749271852295,0.07403097268076325,0.15270980754654576,0.8194793889255405,0.5546411455572791,0.8051833772004905,0.5992807374181888,False,False,const_Pmax,-2.1949887167263515,1.0,,1.0,unstable,True,False
1.7636458055803281,9.804861808457465,11.991249487953509,0.2391709678586234,1.264950808271675e-05,0.6353284413626721,0.8581253046248232,0.013500374818977368,0.3845090723756273,0.3803130487889281,0.8118429156514453,0.700677778776694,0.9373809288302181,0.5701289661991011,False,False,const_Pmax,-1.8805234220511808,1.0,,1.0,unstable,True,False
0.1493780311693638,9.168007481336629,15.269000067139697,0.4391549208951244,0.0005941514370230822,0.47785804742348387,0.274825050755067,2.6596726865156075,0.17193589326066935,0.0644632843256503,0.9367707754182641,0.8588195738207838,0.884458963585769,0.7991203590467354,False,True,pulse_1,-0.060676133257555664,0.28001593347773046,0.9771280248842344,1.0,steady,False,False
0.1957465508690246,0.8683337194735217,0.0,0.6598975436984269,0.04870781771121686,0.6906167070844609,0.5952128404133717,1.177107278765382,0.6449441941856106,0.2215508401357936,0.8537467653252246,0.6826892315995667,0.44030000130866015,0.2413853263821471,False,True,pulse_1,-0.04951958377034642,0.28003262376641386,0.9641566410755674,1.0,steady,False,False
0.054238487011465344,1.104105782234604,1.4578276380068362,0.5363054172042216,0.03215848649711901,0.7263741851024408,0.5408566369449512,0.8536226253354757,0.6330479192024469,0.10112031301628012,0.9301370922066708,0.8801370922066708,0.7177252331710434,0.6196225645925837,False,True,pulse_1,-0.07597351086975059,0.2799942145846705,0.9915863779571225,1.0,steady,False,False
0.759380765584078,3.188476498645325,0.9117281792581066,0.4579938777349322,5.375455204110194e-06,0.8120200557035651,0.2832469332501141,1.6844681832431538,0.5647833763418931,0.523297526521916,0.9753545034336771,0.7381286542933628,0.9968210493610149,0.5722182338853169,False,True,const_Pmax,0.19729525972436202,1.0,0.51593316857866,1.0,steady,False,False
2.1293492083552144,11.93448700386314,0.7038497239664138,0.6497365869900578,3.0116020829026896e-06,0.6570454885947988,0.955349428187811,1.538196192900334,0.3314321203640486,0.05566760014191649,1.1839098089316882,0.5515013420650794,0.4246474559829082,0.27224662805345695,False,True,const_08,1.151713839271966,0.7999999999999999,0.30012132241260187,0.054490918180303285,steady,False,False
0.06761310370026549,1.1149099900958157,1.2654970956470115,0.24076838605990886,3.3450821118433238e-06,0.46915306459294964,0.06052845082653613,2.09456917682974,0.18456335199112778,0.12358739442333765,0.957650310871239,0.708304816534574,0.40099642460488033,0.17844925969908831,False,True,pulse_1,-0.07496108057752461,0.2797967106338143,0.9908374500470095,1.0,steady,False,False
2.6576582367215575,0.10065545441387955,2.858414904580671,0.4664753288085103,0.00010636352692258645,0.746406796268609,0.8412037062149564,0.7810456302457501,0.2596187866290244,0.10338260461547948,0.991945360220426,0.8416291788294065,0.5369517252780523,0.33151501943840667,True,True,const_Pmax,3.658028053264443,1.0,2.4833845350405634,0.017723536319409493,steady,False,True
3.6286011971318355,0.12934790315429684,7.94762446385376,0.3203632092459793,1.6695871710427017e-06,0.2967437601469715,0.9188231935306829,0.027779345463370242,0.17240928362737867,0.05491244647987907,0.8442517870248814,0.8100746433141481,0.5449833452434515,0.49844843530147376,True,False,const_Pmax,5.977082064313422,1.0,4.699949621238559,0.02271110440425119,unstable,False,False
0.7574618598254766,9.006917417658471,0.0,0.8826955674738934,0.0008113757362686823,0.3139204402734703,0.772937388135284,2.5664746253717574,0.21527126444020223,0.7840579144121432,0.9817829721194631,0.8017122271666608,0.9907897201705862,0.35307525504743953,False,False,const_Pmax,-2.0578344015021672,1.0,,1.0,unstable,True,False
2.114894442510738,0.5403136268739989,4.7707767319573415,0.37308455618032116,8.820560755915796e-05,0.4223449440544932,0.07810839308036388,0.08950431029909245,0.2752111260146676,0.052933913284679154,0.8661951030327101,0.8625916604254344,0.8248547414101528,0.6170062705201679,True,True,const_Pmax,3.934972172251838,1.0,2.556209563687731,0.023773075191355245,steady,False,True
0.21541520105268894,11.167641593341548,0.5360112910908392,0.3149749291644273,0.0018064860877099744,0.3210607555094547,0.5072927015820433,2.9753234277861322,0.05260494307667068,0.0525461406458009,1.1972338327722025,0.7923194170670828,0.4761459853111079,0.4261459853111079,False,False,const_Pmax,-2.2775344622861162,1.0,,1.0,unstable,True,False
2.8822430762511644,1.7132203888890085,1.0555909002612593,0.24041575709760413,0.0006220930647248663,0.4063286352419341,0.6636210466603519,2.5087355305278036,0.06180435354433664,0.2978595259851179,0.8925122158747409,0.8425122158747409,0.5521987039370971,0.5275390932647929,False,True,const_08,0.2809757624517637,0.8,0.48803242504704225,1.0,steady,False,False
0.6398109735727555,0.815813710787026,8.485169537719907,0.6535502362555095,0.0036627168226825574,0.8883919531950564,0.4192723879008051,1.5437491556565925,0.05810542066178861,0.542783995385523,1.0080920268183975,0.7039807151802826,0.4564431778536375,0.40644317785363754,True,True,const_Pmax,2.8794333254961066,1.0,1.9631640726792328,0.01860638694887242,steady,False,True
0.30830778023989325,3.720837743823778,0.0,0.969239703632826,6.894336652560457e-06,0.3396793950296433,0.8589828605577138,2.7377482324257936,0.1878958148901459,0.2042655143035077,1.093397961825132,0.9391828669054008,0.6274316170223831,0.4619136407946005,False,False,const_Pmax,-2.193573254951978,1.0,,1.0,unstable,True,False
1.5219585522277073,4.812445377470647,4.139890860403535,0.2836920774438202,0.01769063322798402,0.8059007775247198,0.798097435818333,0.29958743148218847,0.18285828860292896,0.46389146712505896,0.8092560378327787,0.7592560378327786,0.6262868082134084,0.6035187735835765,False,True,const_Pmax,1.2684839283967921,1.0,0.4739251680261125,0.08927212782145574,steady,False,False
2.9792859004986716,0.8091987622801782,4.9499807785953225,0.6647914989984406,8.36635873486776e-05,0.6212423291073959,0.9353813695664948,1.4029207698797894,0.17788241748791034,0.15478408443281325,0.9576427930372474,0.5655543465131099,0.497722900332733,0.447722900332733,True,True,const_Pmax,6.629703077264495,1.0,4.828965821692693,0.012946729602157788,steady,False,True
0.23874017768237932,15.748886114225973,0.4731188645722131,0.8028036504002063,0.01380263427365526,0.3946793498100415,0.20208810164547797,0.5572984046132615,0.38930799588823295,0.20342021316055478,0.9037759359418137,0.5225865584947131,0.6888948041957684,0.6388948041957684,False,False,const_Pmax,-2.1567360021837882,1.0,,1.0,unstable,True,False
1.009272420521842,1.380942036230898,0.0,0.40194903243966984,2.4273586368066552e-05,0.7353624868250639,0.8767107972646193,2.7049255606993152,0.6899695953629901,0.9485462813782921,1.1811996531071927,0.5359110702514422,0.48267612155668316,0.31312656853322307,False,True,const_08,0.03624109013550467,0.7999999999999999,0.7205460536852936,1.0,steady,False,False
0.6379204320618492,0.16716641577536753,5.1361016794110945,0.633891521841764,5.9812637001729835e-06,0.3772788320801381,0.16031202498225805,2.555799473384396,0.42974810903979177,0.45226756229957893,0.9184131451640103,0.6856263185441386,0.6429129786559202,0.6320104802208244,False,True,const_08,0.7103207181504995,0.7999999999999999,0.06623464033126779,0.07383055191820131,steady,False,False
1.7525724470734674,0.2991466407488485,0.5229159990176631,0.9168976659389043,2.9631669936366514e-06,0.3851778678059178,0.846478536067957,0.5384762170382623,0.31881915535148037,0.19242010504134693,0.8981035892092839,0.8551226006679933,0.9108007896413223,0.7122025978989003,True,True,const_Pmax,1.4780942752781665,1.0,0.7436135726943104,0.01313723046242054,steady,False,True
0.23856915692041136,1.6653391062292207,0.9262202202619161,0.3290032502815393,0.026128900513320907,0.8215921800239059,0.7773587133276922,1.5529845638631872,0.36889514508271665,0.2444471657071135,1.0146272054308356,0.7172815423488452,0.4790528997352405,0.1879646970079752,False,True,pulse_1,-0.0584529024861719,0.2799347925488559,0.9726206849830835,1.0,steady,False,False
4.01300255302888,1.2857816890618508,0.6371988893409304,0.6435332416319468,9.463616719871112e-06,0.37722922428862105,0.030054578761178785,0.35685993222063395,0.6459514649589772,0.13100687005894754,1.0432516847658366,0.7325070659946364,0.640270747147167,0.4723202639422477,True,True,const_Pmax,3.138419166380822,1.0,2.1754781434303423,0.014463252624812514,steady,False,True
0.11842622712819457,18.828131563565275,9.127472227561524,0.575007437611162,5.2283543156764305e-06,0.8444661007914975,0.34138706738172764,0.1503200690908013,0.2725623899269086,0.5402346442870478,1.0490834979952832,0.8754192923724298,0.8761812303174265,0.24836822775637984,False,True,const_Pmax,0.25315185662171763,1.0,0.5784995408779443,1.0,steady,False,False
3.519951151262735,1.0181862177791567,0.30320670430234975,0.9946947987289425,2.088929061805697e-05,0.24344417457810869,0.45826204153651395,0.38709017154612524,0.1490123616024242,0.33234481669275673,0.9571709566280933,0.9071709566280932,0.591493896764842,0.5414938967648419,True,True,const_Pmax,3.0092491881129133,1.0,2.155132571090931,0.008908119114278442,steady,False,True
0.4179928612182274,3.3004088239847813,2.6466054363337017,0.9600488756995498,4.077567202419008e-05,0.3240648508744908,0.6780940608798283,2.5380226839237263,0.07616493096095045,0.1922895216250559,1.1569950758749306,0.8748093094614338,0.9950846298985769,0.47198966811807064,False,False,const_Pmax,-2.1522261482392375,1.0,,1.0,unstable,True,False
1.044627469715151,0.4966108456168337,1.6210344026705088,0.7908085701493028,7.840499414058901e-05,0.5932732510440994,0.7197825350215462,1.5268024552540629,0.6396061124911805,0.17558732671972296,1.05882871925733,0.6711812166500271,0.6448940009386078,0.40803507576348674,True,True,const_08,1.0639090560404256,0.8,0.29086499882684463,0.029919304779639975,steady,False,True
0.08924503022429411,0.16257693691625127,6.139835441110532,0.7303277713680763,1.238459856074552e-06,0.4285827898702459,0.19780984725919692,2.334454267632037,0.6094097609074846,0.10469081348693592,1.0671396635391945,0.5646814017291373,0.565091515361028,0.19705814736339367,False,True,const_08,-0.04136191020876637,0.7999999999999999,0.8012967821939511,1.0,steady,False,False
0.18450644347959627,3.5693491693629116,0.7623704783722852,0.6336632279605754,0.0019761310680883547,0.867045727939896,0.6100604828871738,0.7653207930821421,0.4565608019940585,0.1305986293619501,1.1904513562766832,0.6998380675818184,0.8112566324566086,0.11625930764273094,False,True,pulse_1,-0.048573873154326784,0.2800135303433325,0.963123363442113,1.0,steady,False,False
0.31556795584259006,10.319267432087674,2.3174321490624354,0.9487499995485809,0.010300231073262923,0.42555097167605677,0.5445484020413396,1.469472768277388,0.46093162507466046,0.1360375445920555,0.8976820003063554,0.8476820003063553,0.9543246996991038,0.6903260200333854,False,False,const_Pmax,-2.137721332732288,1.0,,1.0,unstable,True,False
4.522503023369619,5.179023090798249,10.053133242209512,0.5844861047538452,0.00013959027744269676,0.3681583933043022,0.6448191943592905,0.8679604083070036,0.21757546630653035,0.289283276884024,0.9639929552900173,0.6094283043973161,0.8896336100516986,0.7023989435060632,True,True,const_Pmax,1.4004264085660891,1.0,0.6541280417751859,0.01966338943509415,steady,False,True
0.10823532952206381,0.10405762458512313,11.807091424653342,0.8713390929874596,4.466878617956663e-06,0.7420351308281359,0.11570416730942945,1.1701877704695876,0.6990961847577453,0.08903001411888908,0.8615854330310506,0.7114001662733968,0.7718011155819169,0.7530305476892774,False,True,const_08,0.6648492592471714,0.7999999999999999,0.1060329550291992,0.10061393316106207,steady,False,False
4.577330754986681,0.14462560666610863,0.0,0.8325903791167952,1.869357504241118e-05,0.8193943416544525,0.6634532572290868,0.33553440714203153,0.5911440352006047,0.08480372804832069,0.9693981578718616,0.7760924642796649,0.7004596894481669,0.5803140409306053,True,True,const_Pmax,3.2922430796780864,1.0,2.3760699955043667,0.009966977607443295,steady,False,True
1.0100513979884296,19.174251153924896,3.236235070829129,0.2761592695686912,0.002630957482317967,0.8836648547516124,0.3183263876290203,1.3836266575127214,0.3261050011300463,0.0583267619260426,1.0689057724893778,0.676668847534234,0.8724783247789014,0.6824840526973903,False,True,const_Pmax,0.6024220870040167,1.0,0.28891760020834506,0.9309880491499748,steady,False,False
2.194985105164268,0.9094125844206078,9.435454268677908,0.8411115470741783,0.0002034248502665274,0.8251217136754121,0.14390869607855827,2.6372063389768803,0.11246190143172283,0.07919747101338524,1.013536005309584,0.5337592400937075,0.4316842608400662,0.10036312091599386,True,False,const_08,11.317563199438846,0.8,8.847026029970488,0.011594422552288573,unstable,False,False
0.3729093938859632,6.059444139987264,0.0,0.7218060851726844,0.007376503864747966,0.3176005940045098,0.14686373482140425,2.5824029208616084,0.5850309964675615,0.25127507319168385,1.1276799517175922,0.5463780387122474,0.6366889107632526,0.616458289274461,False,True,pulse_1,-0.02067803280037915,0.28002486016159106,0.9348523896712482,1.0,steady,False,False
0.16363414175520755,5.384326642990856,9.498460709832377,0.5717437102858637,5.3551477688649456e-05,0.35343245153504266,0.20837934143501502,2.2544724317141878,0.1272917262220743,0.06468977206878518,0.8705165460088521,0.5876732557269609,0.8938645736841399,0.3789546364319487,False,True,kick_hold_1,0.20987321587378413,0.4600040908161178,0.6840225945721217,1.0,steady,False,False
4.783512564803211,0.206884150261815,2.369082960595913,0.5143345413576592,0.012941791613977328,0.8829169520798796,0.8728589587741787,0.5769020371053991,0.1935186487858071,0.3568960985236027,0.9156334326552767,0.8673625653902899,0.7398523904857868,0.4856361379432821,True,True,const_Pmax,3.9415806321539426,1.0,2.8358573677958208,0.014792083304599683,steady,False,True
2.270198613059417,4.3147657298912865,0.0,0.23956730971681256,0.0006709731227713198,0.5403344529355929,0.2601846553429914,1.255968261944405,0.5426417071763593,0.594862155756504,1.0244892271560178,0.6926847404285514,0.5624180568970643,0.46534292953847745,False,True,kick_hold_1,0.09831801685038655,0.4601899683386103,0.7541595843430823,1.0,steady,False,False
0.21304396756315783,1.9860941433690333,0.40670515446006206,0.2008539720181978,9.942232341621078e-06,0.8261580484031468,0.6462907632285592,0.5158810558110686,0.6286715751853522,0.2043604165745405,0.9904367026714642,0.9677709719213275,0.435692015310004,0.250624792240103,False,True,pulse_1,-0.07205412338541514,0.2800326663944467,0.9863390071785799,1.0,steady,False,False
0.7421858235297304,0.2817217142024145,0.8040921705208386,0.2793255764790515,9.388950653430463e-06,0.49591382399044354,0.17613829917307988,0.4040760747700419,0.6091832260423116,0.13056187451367518,0.9443034746073015,0.5276352047506139,0.6144217741012326,0.2853650241251058,False,True,const_08,0.025919806245316812,0.8,0.7306420264627821,1.0,steady,False,False
0.8316491328431045,0.296899342455277,21.6997383146524,0.27986484574143217,3.196563012931411e-06,0.28072850667769156,0.619569256310312,0.36590689262886866,0.604048506654673,0.4789606892876162,1.1279235432952097,0.7630302634430104,0.998006326911492,0.1309225720609129,True,True,const_Pmax,3.450822995127956,1.0,2.075630663494721,0.031668274821247434,steady,False,True
0.3173218172161845,0.5564011153788098,4.274085165900607,0.8449527723557801,6.315796954560409e-06,0.8850439007303073,0.4986395468763152,1.4810162288119373,0.6810750735547295,0.15642790415537117,0.9590100098219971,0.7923763514024683,0.4768315663286722,0.3247599384882984,True,True,const_Pmax,0.9047672508630333,1.0,0.2025150498961244,0.03170531771425549,steady,False,True
0.12172692443493427,0.17284562187744545,4.526719530001905,0.486938233222329,8.323867259981745e-05,0.5020633025811483,0.6331491821447094,2.7803081744669798,0.6563067527770386,0.16155217626685453,0.9317049838391078,0.7255232500926275,0.7407605382570955,0.4232725380148238,False,True,pulse_1,-0.06686052810461188,0.28001460712909054,0.9820069480161978,1.0,steady,False,False
1.0386681726424853,1.8866388895329909,1.4742898183367548,0.5028742300477848,2.7842577181056258e-06,0.3162438426897812,0.7231138021453861,1.16729013456624,0.18945033216409335,0.2697886582381503,1.102215816989371,0.6287111811726858,0.8960739291542467,0.7492534017375347,False,True,const_Pmax,0.14557976311784576,1.0,0.5590232783528867,1.0,steady,False,False
0.782995132887589,3.4615342164622955,0.0,0.9564159128175251,6.986730531964007e-05,0.8467302803818009,0.5789775247502426,0.013856396529982828,0.07505229956023321,0.3838974966345909,1.0250672055327732,0.5132662186030372,0.8460759767334312,0.6965017359484272,False,True,const_Pmax,0.44725147061464515,1.0,0.2559759245972022,1.0,steady,False,False
0.4918186226442416,1.1795649002157782,0.0,0.8293197699948796,3.581169504468458e-05,0.8151345338477778,0.37306058755805305,1.6952337318921167,0.22572216232956288,0.08089100216572459,1.1099631613525311,0.7482952394231408,0.7218927542513505,0.6718927542513504,False,True,const_08,0.08629805036001809,0.8,0.6722746332101709,1.0,steady,False,False
4.227949864759932,9.308038856622748,0.0,0.6754181554412639,0.013377914248906166,0.4621247555142564,0.10110616593558497,2.4328887067197655,0.3631463083854115,0.27118259409414996,1.1928577185271378,0.8036057152470361,0.6549876313996608,0.35898905749303844,True,True,const_08,0.9684993561107034,0.7999999999999999,0.20066106669172876,0.03032827862022996,steady,False,True
0.34214373311943347,0.18725776769925243,14.20872049240488,0.4275177076587271,2.6762778353751154e-05,0.8120339794343692,0.023970355527955456,1.561372331301683,0.3513892145429756,0.3952261141075062,0.8653566800597818,0.8341653703975769,0.6260404047249258,0.5331003447187495,True,True,const_08,1.5392287943745864,0.8000000000000002,0.6871251175840303,0.035905998377130016,steady,False,True
0.06013952922236048,1.154644072860094,0.8049595559930812,0.3116989233432966,7.684844717777198e-06,0.4408987546443436,0.09681014930497145,2.8419593871888136,0.3132461399722812,0.5642398076403667,1.1897668492435387,0.5403676400013695,0.7910016807609964,0.7099863607188498,False,True,pulse_1,-0.07961735361866508,0.27998917493998604,0.9954197669479165,1.0,steady,False,False
0.927766896075273,0.9709614202055012,0.35393134519841113,0.6276806010314202,0.0466260623308418,0.8710952681803539,0.04039922884216318,2.1173910108884644,0.24614716335300502,0.7478008916870421,0.8180458982837114,0.7680458982837114,0.9024854462726661,0.18225306757682108,False,True,const_Pmax,0.3025828220777204,1.0,0.40142053280658113,1.0,steady,False,False
0.06585953786793201,8.330812753776303,0.0,0.6279185223806965,0.020093593810208712,0.5972136794845263,0.3972333014728241,1.3350481645619765,0.09102616095751616,0.9106381337312639,0.9242616740324331,0.5946817458364269,0.5716283811042372,0.5216283811042371,False,True,pulse_1,-0.07348153634893669,0.2800057077938828,0.9891091928604335,1.0,steady,False,False
0.07718663558845733,9.901256502716652,13.713856887934325,0.9807180322943172,0.009062738842738791,0.8603676458944969,0.12693525679091977,2.38736569550091,0.404689201152681,0.2547264693301166,1.1595686305282054,0.9859019093233556,0.8229029938259086,0.43805687263024873,False,True,const_Pmax,0.508694769085839,1.0,0.31751990063065294,1.0,steady,False,False
0.40905124623324746,0.7744319851219822,1.8202663392141407,0.27180258820095626,2.3113719679070246e-06,0.7459088907106182,0.4460728929202261,2.7920534656338614,0.447943655586069,0.05555651719865607,0.8630093365269919,0.6029098965065038,0.9854416146337963,0.2530929583061444,False,True,pulse_1,-0.05430365648086767,0.28000818079558243,0.9673995287797952,1.0,steady,False,False
0.5376273537382112,14.261696856863544,0.8909270099183335,0.23929411500003211,5.269512071098872e-06,0.24432993509179068,0.1951242410923364,1.7057091441112062,0.6430917175921671,0.24998150953674866,1.0503958226796324,0.6009336258047706,0.8803501724043101,0.5324522359539083,False,False,const_Pmax,-2.243797597180226,1.0,,1.0,unstable,True,False
2.674506530787847,15.251636655760864,0.4552808378086695,0.380743166333426,0.00011413120005428304,0.8619855562771312,0.37830982237341526,2.31231964099611,0.40130984991099067,0.08645889847700085,0.9282936475813807,0.8265959425114093,0.8037120368109361,0.4043318227663324,False,True,const_Pmax,0.7751923580323521,1.0,0.08088098881548787,0.1796367272121313,steady,False,False
0.14330495584834751,4.5827815262635685,0.0,0.9493357534921014,7.637536198201316e-06,0.2751186539827643,0.4976477023653788,1.558648794329082,0.38032539460585907,0.18496412660874392,1.1979259571318432,0.7431403063352909,0.6867679484438987,0.39523624390019296,False,False,const_Pmax,-2.236124401221716,1.0,,1.0,unstable,True,False
0.06801763288100741,2.314253847375784,5.653784035299997,0.24066676955878175,0.04087978014222791,0.5283035553088705,0.8967553715906984,1.4266835196988044,0.08921503207324413,0.5870762218421661,1.0592734918668536,0.8908785237869725,0.656901918105324,0.5465557209726515,False,True,pulse_1,-0.07858620666167997,0.28000634827066295,0.9942480570968187,1.0,steady,False,False
2.5788614603807765,2.832047370045043,6.341331302228405,0.7374833508912539,0.032641441027058675,0.4596386250791684,0.4250817675141312,2.4363688835611774,0.3787455045827818,0.4542277809183757,0.9838837857814369,0.6077475709063502,0.8471223056686066,0.19180861842929697,True,True,const_Pmax,2.4708825007162893,1.0,1.616961276516326,0.018996833861023164,steady,False,True
0.12477780207757772,2.7691283596623237,18.47128156382283,0.41806919793271335,3.3135228506956866e-06,0.8692326616658403,0.15442308802214244,0.5930009467639186,0.23936414481300272,0.24418784118141923,1.1531302264136312,0.8802730113649335,0.8248945323055811,0.2226263974992026,False,True,const_Pmax,0.636091818928034,1.0,0.124256945570861,0.20242898140831012,steady,False,False
0.259618279429315,1.261316523166126,0.0,0.41874376170133804,2.8109199426602796e-05,0.2890933388303275,0.5502396919082576,2.1150845895725787,0.09545556045995979,0.21131269619620563,1.112884478107118,0.8739950644762234,0.8890438577312525,0.41376844321942496,False,True,pulse_1,-0.05804965619035567,0.28002942258183156,0.9727485644277241,1.0,steady,False,False
2.1881856700938553,0.35807997820326687,0.6758221281006008,0.5739876315428575,6.954698148050872e-05,0.36864898149001857,0.7517807092307816,0.9415403163349397,0.2273228145947932,0.07400520243088834,0.9755286807207795,0.651482314418651,0.6215637048045812,0.26519808383438687,True,True,const_Pmax,0.9627281931798268,1.0,0.25122975422424076,0.029689971056008117,steady,False,True
1.6798905381641374,13.802749248722948,5.795862868390825,0.8937378212853648,0.04937083873406995,0.6294615393108824,0.8897794665398687,2.725824739666926,0.5644434670749545,0.1989095203177813,0.8324616001695597,0.5079027777200669,0.6863203799697548,0.4460201734742325,False,False,const_Pmax,-1.5755852705706075,1.0,,1.0,unstable,True,False
0.3263583885515531,2.029411503880809,14.136677051865378,0.28692568260980994,1.1431496788558593e-05,0.7551034852717413,0.8478368672236546,2.984472640862603,0.6173928106516047,0.7190437333526745,0.925739177051962,0.7008308170046882,0.5608510628923307,0.524409578734901,False,True,const_08,0.7566504865255683,0.7999999999999998,0.075695635414786,0.18520533043241774,steady,False,False
3.7720784181114584,0.6209105192802086,1.1741417086517,0.335839979018166,8.263631641613637e-06,0.24056174117669096,0.9492935230092574,1.2086388255228888,0.5921785798013702,0.3849462428925219,0.8767684645644342,0.5877311232895439,0.887192920906327,0.2852981974336762,False,True,const_Pmax,0.8723898803168915,1.0,0.16553432368366355,0.058312205722564285,steady,False,False
3.353824799444269,0.21002533555351882,12.766416433763265,0.388205110732516,1.985592463985847e-05,0.8751632202974411,0.2645976053461583,1.2898711497001434,0.33113513560753793,0.10670279705076956,1.1103164345748362,0.8859246716145777,0.6269908085342714,0.5769908085342713,True,False,const_Pmax,9.513985560615097,1.0,6.713224354892801,0.018341880042704376,unstable,False,False
0.13338895590064387,0.10230755810365466,29.192870424741344,0.2309154478615077,9.492414833540597e-06,0.563240249740959,0.8099407364448706,0.26712601522515966,0.30690252494328124,0.4687464913639108,0.9486172833625446,0.5944182102378195,0.5172974964379524,0.38703415084049597,False,True,const_Pmax,0.5200714792548706,1.0,0.20176556631736325,1.0,steady,False,False
0.4547829285389587,9.617469685858135,7.2098323093179895,0.9863897372287256,8.614696317740862e-05,0.4823480822743898,0.9233469677258123,0.7376267610151759,0.5243799100968632,0.47939366541557005,0.8391151989781773,0.734115702846792,0.5203374827929325,0.22976269096173998,False,False,const_Pmax,-1.9757491518725656,1.0,,1.0,unstable,True,False
0.4232785153730188,0.46343244825325774,19.60338356416977,0.8421764842306925,1.7785705245685547e-05,0.3918940755820258,0.2547283501174674,0.4051142881687082,0.6634689392674122,0.1667424772572632,0.8898757898183495,0.8398757898183494,0.6395171815946743,0.1245817677767666,True,True,const_Pmax,5.34321190533722,1.0,4.063214793431,0.011463440443017883,steady,False,True
0.10540304194128948,2.957564385524303,0.7924831405126332,0.9339164714129138,0.009972635386148315,0.7938665278427566,0.22766114679921412,0.15160796595017312,0.6138253006636794,0.12497561270654033,1.0475665524694104,0.879983441850365,0.4769759551066721,0.42697595510667213,False,True,pulse_1,-0.05625149802135351,0.2800070267896355,0.971397818078428,1.0,steady,False,False
3.7669765985336854,4.7425579278664145,17.001119978271337,0.6219661040580472,0.003159775663987366,0.7743541607010229,0.749352861699006,0.8635646281444619,0.1265985355887902,0.10210701499073077,1.0011499747921413,0.752638461146548,0.7495866095887225,0.37657128628352365,True,False,const_Pmax,8.662351875628598,1.0,7.56299952200227,0.013164472587902017,unstable,False,False
1.8739274253103007,12.623918155029521,8.91595135086313,0.7423774820360358,0.000287069177954525,0.33197116371191215,0.7952322585827095,2.881878856886498,0.5191936159518487,0.7818679152303812,1.1936741059791998,0.6760253371196191,0.7829341317558022,0.4317529163466546,False,False,const_Pmax,-1.8299666950333162,1.0,,1.0,unstable,True,False
4.701403194311212,0.16438213503488464,16.912170322819055,0.42724104842121235,0.005032861449354959,0.46794821394617897,0.9799785398901583,2.6505895092711227,0.24585823248069993,0.502359185359923,0.9347426175333075,0.8031814201077676,0.7950884610359752,0.6807167863599934,True,True,const_Pmax,6.373629185260839,1.0,4.4420755623299675,0.01682145694638503,steady,False,True
0.05595922434846364,0.3210627426705034,4.019460162498011,0.5964840625609145,1.8173138252843911e-06,0.4437931184230194,0.8651002319106483,0.09267851110809655,0.3076835529871278,0.8484695813310982,0.8203522938180059,0.7703522938180059,0.5545675697092218,0.5045675697092218,False,True,pulse_1,-0.07194319836730838,0.2800100726067067,0.9873168567305576,1.0,steady,False,False
1.5527658185857878,10.915262022132968,3.465028127439874,0.8234159548598405,1.4273672318303977e-05,0.36152241368705185,0.027182133497585026,2.875545881926357,0.5115109720355051,0.33562406174978554,1.0975978890779963,0.7658064593477196,0.6856802926542462,0.41467256878646463,False,True,const_08,1.6794664789876719,0.8,0.6765944667656432,0.08953292793375599,steady,False,False
0.954659345865014,0.29089618358436925,12.607413500862272,0.4796508891616271,0.0005234409915264117,0.2987191099650102,0.972346247933598,2.7086780628908507,0.6492333792244802,0.13524589519623167,0.8676538829531424,0.6058860817331552,0.45400083462705393,0.18407744107096907,True,True,const_08,1.7244854592187988,0.7999999999999998,0.8544166039170765,0.0315613409933823,steady,False,True
0.06943510118288192,18.9501465381798,0.0,0.3060336647611309,0.007713376504762556,0.6061681517200601,0.7744172045693324,1.892736023317965,0.6234137957138162,0.33855981539659735,1.0088500371612603,0.8563748468806498,0.6684356510752657,0.3422446760333143,False,False,const_Pmax,-2.2878256222409314,1.0,,1.0,unstable,True,False
0.43079922093071676,0.24576342258097025,0.9966182080399063,0.322825237069638,1.4374799459777773e-05,0.7894491062405677,0.33020129559773137,2.0581496085177005,0.6066662599262305,0.06311290171531775,1.106009762071217,0.6538327331895151,0.5299734185104257,0.4799734185104257,False,True,const_08,-0.022582550566750653,0.8,0.7797827473088411,1.0,steady,False,False
3.3003747042527616,0.47736222438841164,1.139697202924873,0.6434284685811424,0.0008358166703303893,0.6272347721531258,0.6235463696427459,0.40523937665257226,0.5008013052313677,0.3774335114730594,1.0730352488867532,0.5370352763693531,0.6681033054484915,0.3863245924320108,True,True,const_Pmax,3.488337738780245,1.0,2.4737137954123027,0.013683917419149528,steady,False,True
0.07454061500475734,0.3248443160844771,9.18192782047065,0.38964966158773057,0.007924464766074682,0.5820588000176243,0.7604216851846175,1.4176679500105713,0.3744762465244451,0.32006893060580394,1.1711882432663296,0.745906290706455,0.7171945228649745,0.5213978744692707,False,True,const_08,-0.061315896782707824,0.7999999999999998,0.8216140813659505,1.0,steady,False,False
1.4927953683465849,0.14632878856568998,2.7561600482043795,0.9373479873900563,0.00020843594633533446,0.5278243742860317,0.962199988534702,1.3517293908026446,0.1675748797093587,0.09576005495877972,0.8380750153347897,0.5002840646294722,0.6591673966002891,0.638469806908755,True,True,const_Pmax,2.8275050911986064,1.0,1.986016202515693,0.009877085162423178,steady,False,True
1.465220174958328,0.11857032639314304,0.6105025827016856,0.952861027811758,6.115656906021249e-06,0.6386474523882371,0.32623836216405677,1.9246839778930567,0.3179680877016488,0.4867303207795046,0.8922716501311432,0.8422716501311431,0.7001257895880113,0.629265203398997,True,True,const_08,1.1320091374280237,0.8,0.3568867583290201,0.019040184967442964,steady,False,True
2.502824439658043,19.876256578808874,1.1243617993303068,0.4003464693855106,1.7187966747846676e-05,0.6077113190775643,0.993522523145843,2.9708342612782634,0.39240260038549996,0.3391279408769791,1.1439882174806424,0.9664667292267526,0.5223163763977263,0.469979210259717,False,False,const_Pmax,-1.8375461085719023,1.0,,1.0,unstable,True,False
2.31549641889833,0.4985136714466204,28.0778246671436,0.9880373573766967,0.01810375753764821,0.7589138413796404,0.26913050072280575,0.9625502222015624,0.4057338467831685,0.26826140171809343,1.0022011277428269,0.8183351399581531,0.6449938135797932,0.6244219101208731,True,True,const_Pmax,6.595884821837363,1.0,5.377460583879611,0.007186474473476509,steady,False,True
0.23231104441047498,0.5766306046774582,0.0,0.3509697680231354,0.0099213803242705,0.512397637006309,0.2278677865528338,2.2780233000671624,0.4100877317809586,0.05327146125341322,0.9265445829346861,0.5885007055606706,0.7935237165897044,0.292521728441177,False,True,pulse_1,-0.06387309696276552,0.2800526560322131,0.978572993091211,1.0,steady,False,False
0.06743161523589596,0.1337848875536144,0.3315646075482539,0.8790336905088709,5.37287085963309e-06,0.6245964346368009,0.4446880280107457,1.3285545636957075,0.0966681425340298,0.5538278116039957,1.157220993901301,0.5055083336921142,0.5071625054182707,0.4571625054182707,False,True,pulse_1,-0.06798375814352943,0.28000494495923217,0.983553742334979,1.0,steady,False,False
0.62799650959679,0.2214346449061246,6.267491349268825,0.7798534577974985,0.0006556749522774463,0.867203865938768,0.49406360366177704,0.9008157364275801,0.36020139148426766,0.14686105402553565,0.8897663570698745,0.52298162467007,0.6113274961390746,0.5979865433968197,True,True,const_Pmax,2.847218577072747,1.0,1.9740446905922888,0.012547746018858524,steady,False,True
0.05443091187767421,1.024620244263944,4.988034780599364,0.8213187487109728,0.006435878428133155,0.6981940746435715,0.10279769614474943,1.425067332013082,0.44221387236694554,0.10434191106555503,0.8170207270587106,0.6117951604380234,0.6729366410395834,0.38975122333822065,False,True,const_08,-0.05321063394078804,0.8,0.8158605741868584,1.0,steady,False,False
0.11279866689467531,7.888690046845783,0.7582595570340479,0.9436583324537773,1.2131880153296313e-06,0.8474737308948617,0.9519287900809079,0.036155589047775605,0.5459625429048862,0.9146003265163791,1.1623608875271114,0.9853550805981065,0.7301941034185836,0.1547092979197718,False,True,pulse_1,-0.04300983718714334,0.2800112797856841,0.9589004783425649,1.0,steady,False,False
2.503504635897057,2.584861207001483,2.0494082230448623,0.6574735812168873,5.2682548446074074e-06,0.7178390185963053,0.07501730735154233,2.189342301131376,0.6018359747061551,0.2059045415900341,1.0039321464228197,0.6561071364610391,0.9816751502353526,0.6131871321916817,True,True,const_Pmax,2.7701959783061456,1.0,1.8316322430177012,0.019996667222129644,steady,False,True
0.27349356412725806,0.25248584715350375,2.5407727734738215,0.9540547202514704,0.0028166420427984014,0.35067062372540486,0.8595611334188981,1.1346015690290434,0.603619418789137,0.10314030972807314,1.047464244774527,0.963335244040641,0.5547364054886765,0.5047364054886765,False,True,const_08,0.23375295474415592,0.7999999999999998,0.5281266821825881,1.0,steady,False,False
4.716232907520607,0.2220911107941235,0.0,0.7393561539558531,3.94828985433584e-05,0.2498711341566138,0.47530561788360415,2.2613120389318673,0.23532956026987267,0.13641937073653473,1.1382797602587889,0.760035956130744,0.9056391812838832,0.41247264450059673,True,True,const_08,1.0029932107013042,0.8000000000000002,0.23297416274966837,0.027076046119963726,steady,False,True
4.026431615295198,3.144111014072068,0.0,0.9080743905814406,0.0001990867953292531,0.2991472775810335,0.15269013384142072,2.0626018053296153,0.08079212937416835,0.1179877961169912,0.8559150361879473,0.7205387148086422,0.6486122631966168,0.4653135042821992,True,True,const_08,1.1979223992438601,0.7999999999999999,0.41798169340474384,0.018496917180469922,steady,False,True
0.18123524637843197,0.11850406835280351,1.677093441142114,0.7210679989920372,3.240580663708286e-06,0.20964414870583525,0.24829424788529275,1.3696419689821566,0.30614678320950367,0.5664974174094732,0.9511350576771296,0.7652205898015394,0.7561093554653153,0.11528197415206813,False,True,kick_hold_1,-0.0190777170951541,0.4599863721201229,0.8800488103835347,1.0,steady,False,False
0.5360888296441148,0.6215371203444258,0.47609766522863645,0.8262564525189162,0.026812005913552057,0.21558817444072,0.6013727628113479,2.291532201865074,0.23512493262242812,0.5291800262414432,1.0529420203065205,0.964581316135535,0.9886028868122637,0.12964227979909337,False,True,kick_hold_2,0.06548825338400628,0.36998436452981903,0.8221647760950651,1.0,steady,False,False
0.3880123298685187,1.813991745463247,0.0,0.4690286643418894,0.04374472914703227,0.21136131943973002,0.45250793152438407,2.5279638651545886,0.26053582076753745,0.21047583847322493,1.191218298315192,0.737438418237852,0.47855278728789946,0.13620504416647375,False,True,pulse_1,-0.04198534528489433,0.27997930677703053,0.956126866611248,1.0,steady,False,False
3.8886884414028575,0.4089172515133648,0.45553818478535074,0.538924096440484,0.023471342769961497,0.5516890955416569,0.9711351518023279,0.776506911712199,0.3779544058075591,0.6565160482217292,0.9793009418214975,0.6397436867850947,0.913285218050729,0.37292262821082633,True,True,const_Pmax,1.5701349881976878,1.0,0.8087616247277715,0.019797594302654445,steady,False,True
0.5759921789709173,17.66111308698222,0.0,0.44112050937614855,1.3995715920886509e-06,0.4742863969370369,0.20018343058485955,2.040104806223674,0.16785894819780403,0.37750406861391644,0.9053901712757271,0.6776089170605999,0.6093163912278385,0.6017262251145266,False,False,const_Pmax,-2.1774038015406103,1.0,,1.0,unstable,True,False
0.4285372029060659,0.6782028393596957,4.178520200066133,0.37106465702239827,0.016962970904245842,0.43985520722354843,0.03897937753732039,1.4838006719233587,0.13055973538657056,0.10214614960630176,1.0988443490749644,0.5653759066881593,0.8841665346124215,0.7558351016916677,False,True,const_Pmax,0.14268701564750785,1.0,0.5627460981913096,1.0,steady,False,False
0.8166466881417659,4.3107993484097085,29.02265700279288,0.4732306097612983,5.824491949102369e-06,0.563417064440025,0.5332498098317082,0.5337374648884334,0.4485211223461906,0.052161095775312666,1.1710673609816886,0.6322871389106308,0.4237361250341151,0.17577460903239994,True,True,const_Pmax,5.076034195553414,1.0,3.31848338722432,0.03293637291595781,steady,False,True
0.15117079635053007,0.4268411781524912,0.0,0.4234838497549833,8.065428255542179e-06,0.465034649204163,0.3851677373559692,1.0170232218086372,0.26315052429495756,0.0654203838853338,0.810081978850465,0.6010571500782333,0.8539896564499692,0.7935668358857855,False,True,pulse_1,-0.06739494705135156,0.2801904737909575,0.9823951327907149,1.0,steady,False,False
3.597678530188063,1.4461850293660188,1.2772749439532367,0.819151550910125,0.00392255224939739,0.7909906503077111,0.8955045771968844,1.3030477446758872,0.5484691192696783,0.5599109216727057,0.9233838489991001,0.8733838489991,0.4566049015837933,0.4066049015837933,True,True,const_08,4.385954697796605,0.8,3.163325162761886,0.013375105434389686,steady,False,True
1.734408689286335,0.16391517091105354,0.3511398154747838,0.8161495595553463,0.005695403996490739,0.6216871771640133,0.8568603919165705,0.2936498406445791,0.22935049732652857,0.17291289556251932,0.8169831811312394,0.7241080437855831,0.5591280736675396,0.3749145084712271,True,True,const_Pmax,1.3786932813427755,1.0,0.6472077989075803,0.014519874334107362,steady,False,True
0.3541402327005523,10.5572979215012,18.39109179804332,0.5407767718502794,3.470233090761176e-05,0.5517584345346023,0.41774328636283964,0.7721169391654382,0.37674156111744345,0.07878954862411673,0.9407719772091865,0.7828951096870453,0.6480449466339151,0.598044946633915,False,False,const_Pmax,-1.9181297253927765,1.0,,1.0,unstable,True,False
0.16308481578977696,17.04015307628713,25.84088044202252,0.8705092438642434,4.653096775014877e-06,0.5685220634445096,0.16997852119578571,2.454682057881772,0.4297053969691423,0.11008432014220171,1.1718395888028685,0.5575930266571303,0.7383174420827885,0.6047283882667078,False,True,const_08,1.3487285496434072,0.7999999999999999,0.40810583918486926,0.23280150036693756,steady,False,False
0.06556424719073436,2.37511512604956,0.40942643848374616,0.6097943768853017,1.6404100620514278e-05,0.6640471160758445,0.11867736707884491,2.811154292011521,0.6315735781145756,0.08728272628404204,0.9293063537460419,0.7938174873265216,0.8308374019805502,0.4098592106121808,False,True,pulse_1,-0.07431310216242998,0.2800052450991105,0.9900182367127829,1.0,steady,False,False
0.10269579192464817,0.17364237262003784,2.4424489633654267,0.8980253993187985,0.00018478655824759284,0.8456503469822023,0.0877593827715506,0.3420575740036529,0.6542609220207457,0.8544504377723026,0.9258869789861454,0.677582443496936,0.6714701409008548,0.3913131760471036,False,True,const_08,0.013975345768562852,0.8000000000000002,0.7458345457921696,1.0,steady,False,False
0.11996662366319195,11.67316719054923,7.72086704146242,0.25372454218797835,1.5208673777552788e-06,0.6576113308038445,0.33901585757326036,1.9663781781600038,0.11111378140973974,0.8605084533098117,1.0994057867572382,0.9381336165128996,0.4818823324267066,0.32411267822500855,False,True,kick_hold_1,-0.029251484800168745,0.4600065980865549,0.9094729799447089,1.0,steady,False,False
0.27268316913791196,1.7220683173398779,0.3966274237977814,0.49510270458997657,1.5707953033150624e-05,0.4701449040242504,0.19695954262002624,0.7856891236942064,0.45751902128097466,0.15994467509431728,0.9381533572677968,0.7669528163611865,0.8631163245063554,0.36520756944357013,False,True,pulse_1,-0.04773791556258543,0.28000363570259945,0.96181008316673,1.0,steady,False,False
0.7481849870081811,16.720960573900502,19.80233520389618,0.8349380994051416,1.8876319681686109e-06,0.5003692100284798,0.6983184078685881,2.9601357373446,0.3479445892549831,0.06602169399239921,1.024803669885147,0.5632818960619801,0.850911736167636,0.4553738982232446,False,False,const_Pmax,-2.049078077606592,1.0,,1.0,unstable,True,False
1.3990484062686397,10.009851641320207,5.035005081862477,0.803656236351705,0.009092237716520412,0.8083376503939019,0.036430195682883304,1.6685708903933678,0.1905750513684084,0.6581210999459919,1.0593590740813443,0.710111239516219,0.5128625368728108,0.3373165381438786,True,True,const_08,3.8683125115406383,0.7999999999999999,2.4620522652932295,0.024947540219165308,steady,False,True
1.2779839317440618,0.2952823193393242,0.0,0.9104230065820409,0.0038994334218233465,0.3398564514606928,0.29231154342999166,2.9162105313926574,0.5103199163934262,0.31137048621119184,0.9230513941696521,0.6495625720832612,0.4237141712141383,0.3737141712141383,False,True,kick_hold_1,0.25774941969524345,0.4600147637795275,0.6028294286548851,1.0,steady,False,False
0.060998682442297024,0.10260697399512188,23.706572547266177,0.8052024381818483,0.000164521669756594,0.5402316746926111,0.43613642264910535,0.973931001331001,0.3891142392207961,0.18193251880203948,1.03926715201631,0.9490600402505472,0.9970056503942862,0.155120302918042,False,True,const_Pmax,0.5304499521224793,1.0,0.1777098816513156,1.0,steady,False,False
0.29399297272894587,0.26050158907276544,1.1273721234674943,0.33962970530143066,0.0038937714464829564,0.5474021199804651,0.9192455822172257,0.09777732974104347,0.09353570853579345,0.16735590173979994,0.8321109281616149,0.6313647982074168,0.9916178458459741,0.24627172523922986,False,True,kick_hold_2,-0.03298953604329523,0.3701124473581383,0.9187386575070714,1.0,steady,False,False
0.12451035952688974,2.089124804912373,4.345080722337733,0.5013882225668373,0.007672405179728101,0.297006386009724,0.42839264584146564,2.069285545332261,0.6143536861838848,0.15128426156166067,1.027098239637501,0.5345699725036308,0.5021914528670974,0.14839671372628016,False,True,pulse_1,-0.06012601886430205,0.2800257317465423,0.9756408648525094,1.0,steady,False,False
1.4280117743521172,0.4600813496330389,0.4073031912295234,0.8900382403266605,0.008435898362779476,0.2622501201351979,0.02375650645718652,0.16886643894597353,0.604859612545377,0.10100114185744766,1.0193093271432754,0.7131221015900284,0.8773153157371613,0.4422288110294694,True,True,const_Pmax,1.2515471159708678,1.0,0.5290985853355719,0.01541233753785991,steady,False,True
0.5015239596000086,18.876880270824458,0.0,0.8645631509967451,1.7505338065007377e-06,0.5343541387010795,0.8863348239330235,1.995641896812364,0.4953895025879863,0.11004078679013896,0.9674299165445817,0.6832905317495253,0.7128659260947965,0.42355955110056775,False,False,const_Pmax,-2.075251364076135,1.0,,1.0,unstable,True,False
0.22530286175680875,0.5045684046785969,1.6114459692952496,0.31995318234724857,0.012531179638106932,0.6214835742833991,0.13378642559385545,2.081578002627004,0.6009832041986826,0.10186172785146992,0.8602402377349057,0.5043086285668761,0.42835020331389106,0.3783502033138911,False,True,pulse_1,-0.06475453029799215,0.27999549405778873,0.9792380808251976,1.0,steady,False,False
4.713490850753231,0.12684430353988113,0.4176818332789081,0.6737062599229335,0.0035708784973707396,0.45144307808741635,0.010934721110663737,1.7855680563762777,0.694309008291018,0.10817776359763383,0.8757965108748864,0.5619629463767575,0.7331533719400336,0.5175115695521914,True,True,const_Pmax,1.9148516827610182,1.0,1.1310022057780635,0.014682099254796258,steady,False,True
1.9209306170853846,5.40560355503106,12.264974550798426,0.3978136664635556,0.0004093089599086747,0.408188371365506,0.32978537955150244,2.795833107689989,0.49323233829359775,0.9267046995931878,0.9667650146874978,0.7687187866769882,0.692269251949853,0.17510094026660886,False,True,const_08,2.611501274933363,0.7999999999999999,1.400154107848037,0.06578104993597951,steady,False,False
0.14872158092769971,1.637220193321129,0.0,0.9451695434471115,3.818895255084222e-06,0.33858652249183496,0.7653212239386366,0.29080362536794113,0.6351807647500161,0.4396719252529763,0.8274483428435436,0.7774483428435436,0.7789771253027906,0.630144602917943,False,True,pulse_1,-0.04573653947930017,0.2800505645131306,0.9606497273557302,1.0,steady,False,False
2.2665521152093673,4.4972413305479355,1.3244875851907558,0.7578189294639432,0.03138923787103258,0.611265246370212,0.6643448684342539,1.3113841265994022,0.5414785263329983,0.9930364903265357,0.8641557296270945,0.6012026397518812,0.7236626551986337,0.43696277808316075,True,True,const_08,1.697605778208215,0.7999999999999999,0.8383196083618957,0.025829028495250792,steady,False,True
0.6951996957102919,0.12969428994960747,4.396203410598345,0.6681530810439702,0.0012268531128876757,0.7041512203018647,0.6415472033408566,2.370729466168305,0.4560944125449845,0.25019786313614484,1.0424785715551244,0.5505966833766662,0.563893924435312,0.4691798464606919,True,True,const_08,1.3830538896149756,0.8,0.5796265397125638,0.023928409311977174,steady,False,True
2.7857647272341532,3.6518926245081476,0.0,0.6738199603555235,1.1013875240992064e-05,0.713811591852106,0.8274408525087472,1.78036881776992,0.43438569633861124,0.13787566756897407,0.9785000084645238,0.9320541769076727,0.8339921985802939,0.46382756178709017,True,True,const_08,1.061863804755115,0.7999999999999999,0.28611765415017676,0.027828695217463756,steady,False,True
0.2725428398196523,0.130594620885125,0.0,0.35442015163149654,5.6822203333695326e-05,0.8609005529533922,0.5051533948587487,0.7045204897776932,0.11873758934998414,0.13775762271319722,1.1262922542204228,0.6916713967052539,0.8635034836134481,0.6618934832888153,False,True,pulse_1,-0.05727645157307529,0.28000174125021765,0.9711537102604014,1.0,steady,False,False
0.08329358288683177,2.515036822675225,1.9116016844045787,0.24075527120241783,0.021805781019217332,0.818566397100738,0.5221414472090018,1.6567593610320288,0.18763171680448115,0.5822372905743379,0.9994400153568506,0.5169388975712783,0.8098089738693988,0.7653473888618942,False,True,pulse_1,-0.07765360291861104,0.28000555285625045,0.9931007723366578,1.0,steady,False,False
2.276517457386617,0.4343514097001901,0.0,0.9522811300305445,0.025306357349422434,0.5726907237990085,0.6423174116715351,1.3878001821324248,0.3228474886141931,0.07151151888173661,0.8387011593444385,0.6163660733380938,0.9019844478439266,0.202082610514976,True,True,const_08,1.0099771704604046,0.8,0.24217024914659385,0.020233096858259737,steady,False,True
0.14202582090492288,1.8296895452280653,0.6361135170063852,0.6506529933583698,5.366105899963177e-05,0.6383115000883284,0.9122053404086763,0.45297939430520295,0.6437318788784915,0.7466834453621591,1.1316350333343612,0.8156429586530426,0.7720879944793284,0.5474488619555511,False,True,pulse_1,-0.058115683104821084,0.28005396896784346,0.9730387902412514,1.0,steady,False,False
1.2021567706856413,0.1091254475755637,4.449679979076273,0.8251726715219374,5.9270152536209765e-05,0.2086780497410572,0.509734659876444,1.5215703579477868,0.3340430374024436,0.13834137307084193,0.8999304351238888,0.7637724372485915,0.6251668838160964,0.5751668838160964,True,True,const_Pmax,2.082031779213364,1.0,1.2977416162323374,0.012376552752669006,steady,False,True
0.11087269902057231,0.5439513509379639,3.6621793310562483,0.5994242055793184,0.0010590516412679407,0.8650012394019455,0.2852210854938674,2.0783147077649895,0.06627613195336934,0.10973502776844359,0.9854878911986371,0.5154973942405672,0.7706016763321833,0.5748174258811958,False,True,const_08,0.007844301342726567,0.8,0.7535958488891966,1.0,steady,False,False
1.5575192895552086,1.5440218099708984,1.858881722709668,0.23300242600525004,2.9489728361855597e-06,0.6584971469410248,0.9955552995857763,0.047409717489888537,0.4124292729371487,0.47430195946845477,1.1307099312055515,0.77260245061132,0.771949588110463,0.5877074616921875,False,True,const_Pmax,0.6019564361019805,1.0,0.13659932530220273,0.38067670140229,steady,False,False
2.611575007039315,0.1911577426023943,0.3381863401560861,0.8689598007662203,2.294039874929412e-06,0.3362397481234456,0.0038941463811326127,1.335770116608122,0.26733349736630496,0.08221134647822041,0.9804360643215625,0.7011854415860919,0.8605966196192449,0.7251912142490228,True,True,const_Pmax,1.309506827823825,1.0,0.5834609374895554,0.014352618835223652,steady,False,True
1.0094957801627427,0.1933178855121903,20.126017611311493,0.27098759440631137,8.162127703232504e-05,0.8597532334634368,0.9506648414694857,1.2336095311466773,0.4838079772642182,0.19643086458359071,1.1013842157745366,0.5157906653464992,0.4864942893528151,0.4364942893528151,True,False,const_Pmax,2.3921863251959694,1.0,2.6278083583770444,0.02991542488924688,unstable,False,False
0.1459064628691756,3.4088376607987274,17.79968722479772,0.8554075084479893,0.00020693313606798806,0.7410265609664004,0.2711378862350904,1.4827793304355879,0.17836333371113078,0.6591871495008012,1.129227046627366,0.9510748342045006,0.9264861887345557,0.7717173834416464,False,True,const_Pmax,1.2948762331816066,1.0,0.5404738876212591,0.06326220438932458,steady,False,False
0.14310093375315014,13.936561762952351,2.099478456549737,0.6482991167742984,4.072660395249279e-05,0.4019871048726665,0.24131433797752877,0.24728396837138045,0.37276718314567175,0.7144544958148215,1.0520607877097539,0.7604878163778868,0.6571557509505499,0.42508113842203443,False,False,const_Pmax,-2.219180369816107,1.0,,1.0,unstable,True,False
0.13107645869074644,7.827086581742276,0.0,0.7732982053818505,0.003725175798258371,0.602408329419414,0.8629263749548285,0.8731510573519501,0.6230511938078611,0.4445850876491915,1.1194999311047042,0.832289854763657,0.9078058101939817,0.7951692039023451,False,False,const_Pmax,-2.224761269872836,1.0,,1.0,unstable,True,False
0.34617500997118533,7.461813706863449,2.414691126353293,0.9415591997860095,7.135026853872061e-05,0.5958261413933663,0.10594235699096155,0.6773255821987987,0.5964525108469444,0.16402006950578102,0.9576336357661033,0.6229905090953101,0.6949662005784727,0.6640718729454357,False,True,const_08,0.523646771467299,0.7999999999999998,0.30714589113143187,1.0,steady,False,False
3.0853059725974026,0.1449891191026413,2.58028685844863,0.6914254803772627,0.00012639649657450534,0.47905137459739056,0.47188071242948937,1.7459973862692424,0.37563908717065486,0.20570464444396114,1.1271341239832322,0.8728239956189289,0.6048270965087157,0.5548270965087156,True,True,const_08,3.6414925061226424,0.7999999999999998,2.4955194210688108,0.01522364255853853,steady,False,True
2.5484219808962814,0.22552265135185415,1.1162082855049855,0.7913378575413781,1.324479071087619e-05,0.6699824669211223,0.2551246560576339,1.5334312902898295,0.6666202041455248,0.15669767383233296,1.150295394385283,0.9934722906019473,0.9249105092830979,0.21610622080634,True,True,const_Pmax,2.5239292081176354,1.0,1.691499518000119,0.01197120896055327,steady,False,True
2.1791465770794995,0.11857051944485757,16.54199942355457,0.7510017702079359,0.00031866274153155273,0.47150481755783435,0.812296946470286,2.1286752118446626,0.3544634577501876,0.7246343175697944,0.8919792071274529,0.5851957545793125,0.785682258600149,0.7803960398912393,True,False,const_Pmax,9.706752320008885,1.0,8.260561062691538,0.009623840248204176,unstable,False,False
0.15612884644659886,0.3754041168291817,0.0,0.8884508442189059,1.1583378601595355e-05,0.5522249687074214,0.9908724780022046,0.03642270276613069,0.4117159588320161,0.23199221708297,1.122978950564062,0.6776407697763884,0.646204815339425,0.21755658641920458,False,True,pulse_1,-0.04528749521541617,0.2800822263566698,0.9600209919431,1.0,steady,False,False
1.5156553876117593,6.392029018330124,0.0,0.5147656591906574,0.015694005119057268,0.20189509157305102,0.2987590706226323,1.6651268551576432,0.26716100877896964,0.11295590920145245,0.984014993961285,0.5907615540548469,0.7177751445756904,0.5946871449192582,False,False,const_Pmax,-1.9661339715471486,1.0,,1.0,unstable,True,False
0.707228753992095,0.16377490763838976,0.6715477984660565,0.8118496004889029,4.946347684342025e-05,0.7479329436392717,0.20627290340534576,0.5599863110862894,0.3730668000413634,0.05518496194429507,0.8901189355129334,0.8620061260921741,0.9024300869832553,0.15654975475646732,False,True,const_Pmax,0.540265709417286,1.0,0.16634290100019314,1.0,steady,False,False
2.9048614504072776,6.840864820322131,7.481322283731453,0.7393224538351719,0.00029335760609608283,0.6569510571439205,0.9191096645666051,0.30156600425012525,0.25524691059995924,0.06212066530430964,1.1779220687776153,0.722632732999694,0.8052066824057131,0.688784045153025,True,True,const_Pmax,5.3485950103647895,1.0,3.759802800840565,0.013497750374937511,steady,False,True
4.7970086378444545,0.2356493727811124,17.863520429469244,0.2391003014807005,0.003495014025137206,0.4483077248375852,0.648596791470432,1.5421445881165943,0.218832463856314,0.07497164711967268,0.8467788932356833,0.5516614288542458,0.7826740240807466,0.34598759597967665,True,False,const_Pmax,3.2364410165426305,1.0,3.1365301907042586,0.030574974471761843,unstable,False,False
0.13559287858831812,3.9088441220954713,3.593005147821402,0.9479662534926807,6.472169951141668e-05,0.7851040798885052,0.07513940793219631,2.219493282115513,0.6924908189907545,0.6315673612164449,1.0318658877240237,0.8133830321635803,0.6119737296621681,0.5756396527806728,False,True,const_08,0.21715181869513944,0.7999999999999998,0.5674477472103404,1.0,steady,False,False
1.7368438320246005,19.813156847925658,0.3978591828071729,0.6766863605847881,3.624857268401778e-06,0.37133553048927703,0.32877991130573725,2.1930896194452316,0.16947528052102534,0.08215226845875423,0.817985696999531,0.767985696999531,0.8161032546136364,0.12796252593233856,False,False,const_Pmax,-1.805979450291555,1.0,,1.0,unstable,True,False
0.056957984833108315,1.9298622634147213,4.6835370007778945,0.5476833405447723,0.02180811029361512,0.40146631047295755,0.6791453684388935,0.16216293485579758,0.6713093472228014,0.9439845547993545,1.095629851606565,0.7326062357817866,0.5319960635963568,0.48199606359635677,False,True,pulse_1,-0.07425131941350359,0.2800064551957206,0.989802624119767,1.0,steady,False,False
1.4848350088903004,0.32413274165942785,2.5276627618397014,0.8611284399781673,0.0016344274940489414,0.6502172804780386,0.6498274225632784,0.8114102381474367,0.2916123188891971,0.05732948063124056,1.1147764543248495,0.716499107584907,0.6629430142525441,0.2717493854535387,True,True,const_Pmax,3.0740298045164907,1.0,2.1914607332484146,0.01107419712070875,steady,False,True
0.13116699444579444,2.2521426340402093,0.40321711491495116,0.8140059327847187,5.8751448681820403e-05,0.4661649087295131,0.4313182815157913,2.445134470224281,0.2585439823608811,0.48439299385226164,1.1758179363118173,0.8304340979623996,0.6590086487062148,0.6234528062026653,False,True,pulse_1,-0.058326877616159976,0.280020112147081,0.973756640385544,1.0,steady,False,False
0.41187434742280987,0.8986893226151436,1.2958833930197697,0.283400173024001,8.899736126956681e-05,0.2866998167905114,0.4104414735554467,1.670801163640351,0.6549622677836704,0.05573093682819728,1.0485833626007777,0.7288675933250386,0.41215667692248353,0.27468372315710426,False,True,pulse_1,-0.05455323340609823,0.28006589785831965,0.9679610034321257,1.0,steady,False,False
0.086286034248599,0.31539138930455757,1.904293677432966,0.6232315147911123,1.0107690884443239e-06,0.31330855244011857,0.0935663856088007,1.6490201977882313,0.2638986657608254,0.2584948579853788,0.8887293208698711,0.5121146770437924,0.9648201407621481,0.17581568483229582,False,True,kick_hold_2,-0.05958101000430036,0.3699984900016538,0.9483548373271011,1.0,steady,False,False
0.08967832753823886,0.21737452378076783,5.157529670212741,0.6882319613630805,0.04329774239972634,0.26190713849225833,0.9745008925422891,0.6120394396621227,0.454996477315323,0.17599945520290913,0.9535807253908712,0.9035807253908712,0.4895366370641539,0.4395366370641539,False,True,const_08,-0.023837122389546578,0.7999999999999999,0.7839237918292332,1.0,steady,False,False
0.28656300752472375,3.1106454574924034,0.39113200611043464,0.9382914903401525,0.00046572405258687495,0.6930778152842165,0.14918418388634835,1.6001622924930967,0.48778391457140835,0.19613786187526608,0.8619940712424228,0.6220595375427883,0.9126356745960991,0.12412969498293396,False,True,pulse_1,-0.007803874939824831,0.279986627504358,0.9219376532170735,1.0,steady,False,False
1.308260295691984,19.935468729044572,0.0,0.32883654625595193,0.0014715799041616726,0.2419935842097438,0.5897899838558589,2.0520003106831686,0.43229512627414557,0.14930909287552652,1.0789129183946555,0.7971472140069102,0.5245823032563519,0.49419488050957683,False,False,const_Pmax,-2.131672419555888,1.0,,1.0,unstable,True,False
2.902581605027579,3.42297236152221,1.319135659215573,0.2687089675500583,1.4108978091176215e-05,0.20783072716081383,0.9866259175249644,0.6674467563862199,0.5796693627454922,0.08286708350465903,0.9134404598422295,0.7091386596141833,0.5946433984849631,0.544643398484963,False,False,const_Pmax,-1.7909145202421208,1.0,,1.0,unstable,True,False
4.114876643312808,10.329489580921578,0.0,0.8213509410794322,4.956762470124624e-06,0.839366774593471,0.5178785756685784,1.0091432641701203,0.1520665732672253,0.05180050364047352,0.899178796664354,0.8491787966643539,0.8783573153633365,0.7788555954255036,True,True,const_Pmax,2.6081656886044167,1.0,1.772565847837691,0.010831528078653558,steady,False,True
